id,name
sjjasmit,James Smith
skmajohn,Mary Johnson
sljowill,John Williams
sjpabrow,Patricia Brown
skrojone,Robert Jones
sljegarc,Jennifer Garcia
sjmimill,Michael Miller
sklidavi,Linda Davis
slwirodr,William Rodriguez
sjelmart,Elizabeth Martinez
skdahern,David Hernandez
slbalope,Barbara Lopez
sjrigonz,Richard Gonzalez
sksuwils,Susan Wilson
sljoande,Joseph Anderson
sjjethom,Jessica Thomas
skthtayl,Thomas Taylor
slsamoor,Sarah Moore
sjchjack,Charles Jackson
skkamart,Karen Martin
slchleem,Christopher Leeman
sjnapere,Nancy Perez
skdathom,Daniel Thompson
slliwhit,Lisa White
sjmaharr,Matthew Harris
skbesanc,Betty Sanchez
slanclar,Anthony Clark
sjmarami,Margaret Ramirez
skmalewi,Mark Lewis
slsarobi,Sandra Robinson
sjdowalk,Donald Walker
skasyoun,Ashley Young
slstalle,Steven Allen
sjkiking,Kimberly King
skpawrig,Paul Wright
slemscot,Emily Scott
sjantorr,Andrew Torres
skdonguy,Donna Nguyen
sljohill,Joshua Hill
sjmiflor,Michelle Flores
skkegree,Kenneth Green
slcaadam,Carol Adams
sjkenels,Kevin Nelson
skambake,Amanda Baker
slbrhall,Brian Hall
sjmerive,Melissa Rivera
skgecamp,George Campbell
sldemitc,Deborah Mitchell
sjedcart,Edward Carter
skstrobe,Stephanie Roberts
slrogome,Ronald Gomez
sjrephil,Rebecca Phillips
sktievan,Timothy Evans
slshturn,Sharon Turner
sjjadiaz,Jason Diaz
sklapark,Laura Parker
sljecruz,Jeffrey Cruz
sjcyedwa,Cynthia Edwards
skrycoll,Ryan Collins
slkareye,Kathleen Reyes
sjjastew,Jacob Stewart
skammorr,Amy Morris
slgamora,Gary Morales
sjshmurp,Shirley Murphy
sknicook,Nicholas Cook
slanroge,Angela Rogers
sjerguti,Eric Gutierrez
skheorti,Helen Ortiz
sljomorg,Jonathan Morgan
sjancoop,Anna Cooper
skstpete,Stephen Peterson
slbrbail,Brenda Bailey
sjlareed,Larry Reed
skpakell,Pamela Kelly
sljuhowa,Justin Howard
sjniramo,Nicole Ramos
sksckimb,Scott Kimble
slemcoxw,Emma Coxwell
sjbrward,Brandon Ward
sksarich,Samantha Richardson
slbewats,Benjamin Watson
sjkabroo,Katherine Brooks
sksachav,Samuel Chavez
slchwood,Christine Wood
sjgrjame,Gregory James
skdebenn,Debra Bennett
slfrgray,Frank Grayson
sjramend,Rachel Mendoza
skalruiz,Alexander Ruiz
slcahugh,Catherine Hughes
sjrapric,Raymond Price
skcaalva,Carolyn Alvarez
slpacast,Patrick Castillo
sjjasand,Janet Sanders
skjapate,Jack Patel
slrumyer,Ruth Myers
sjdelong,Dennis Longman
skmaross,Maria Ross
sljefost,Jerry Foster
sjhejime,Heather Jimenez
